Workbook

Sheet Sheet1
A1: No | B1: Username | C1: Type | D1: Tier | E1: Keterangan Lokasi | F1: Social Media | G1: Followers | H1: Kategory | I1: Nama PIC | J1: Contact PIC | K1: Rate Card
A2: 1 | B2: elianarsyd | C2: Makro | D2: 1 | E2: Surabaya | F2: Tiktok | G2: 117K | H2: Career&self development | I2: Admin | J2: 8561542352 | K2: Tiktok | L2: 1,300,000
K3: IG Reels | L3: 1,200,000
K4: Bundling (mirroring) | L4: 2,000,000
A5: 2 | B5: jennitanuwijayaaa | C5: Nano | F5: Tiktok | G5: 3.523 | H5: Entrepreneurship/Business Content | K5: Tiktok
K6: IG Reels
K7: Bundling (mirroring)
A8: 3 | B8: nbstory_ | C8: Mikro | D8: 1 | E8: Jakarta | F8: Tiktok | G8: 11,6K | H8: Lifestyle & Relationship | I8: Belby | J8: 85117142556 | K8: Tiktok | L8: 650
K9: IG Reels | L9: -
K10: Bundling (mirroring) | L10: -
A11: 4 | B11: kevinmillenio | C11: Makro | D11: 1 | E11: Gading Serpong | F11: Tiktok | G11: 372,8K | H11: Entertainment | I11: Triska | J11: 8132131350 | K11: Tiktok | L11: 35,000,000
K12: IG Reels | L12: 35,000,000
K13: Bundling (mirroring) | L13: 20,000,000
A14: 5 | B14: kesyasunnn | C14: Makro | D14: 1 | E14: Gading Serpong | F14: Tiktok | G14: 189,7K | H14: Entertainment | I14: Triska | J14: 8132131350 | K14: Tiktok | L14: 12,000,000
K15: IG Reels | L15: 12,000,000
K16: Bundling (mirroring) | L16: 8,000,000
A17: 6 | B17: femimaringka | C17: Makro | D17: 1 | E17: Gading Serpong | F17: Tiktok | G17: 138,4K | H17: Entertainment | I17: Triska | J17: 8132131350 | K17: Tiktok | L17: 12,000,000
K18: IG Reels | L18: 12,000,000
K19: Bundling (mirroring) | L19: 8,000,000
A20: 7 | B20: firamaringka | C20: Makro | D20: 1 | E20: Gading Serpong | F20: Tiktok | G20: 360,1K | H20: Entertainment | I20: Triska | J20: 8132131350 | K20: Tiktok | L20: 25,000,000
K21: IG Reels | L21: 20,000,000
K22: Bundling (mirroring) | L22: 11,000,000
A23: 8 | B23: tituschrst | C23: Makro | D23: 1 | E23: Gading Serpong | F23: Tiktok | G23: 169,8K | H23: Entertainment | I23: Triska | J23: 8132131350 | K23: Tiktok | L23: 12,000,000
K24: IG Reels | L24: 10,000,000
K25: Bundling (mirroring) | L25: 5,000,000
A26: 9 | B26: trio.reog | C26: Makro | D26: 1 | E26: Gading Serpong | F26: Tiktok | G26: 318,3K | H26: Entertainment | I26: Triska | J26: 8132131350 | K26: Tiktok | L26: 7,000,000
K27: IG Reels | L27: 7,000,000
K28: Bundling (mirroring) | L28: 3,500,000
A29: 10 | B29: misyandpiyo | C29: Mikro | D29: 1 | E29: Gading Serpong | F29: Tiktok | G29: 259,6K | H29: Family & Parenting | I29: Admin | J29: 85770028814 | K29: Tiktok | L29: 7,000,000
K30: IG Reels | L30: 7,000,000
K31: Bundling (mirroring) | L31: 3,500,000
A32: 11 | B32: dinna_ashari15 | C32: Mega (but in 2026 viewers drop) | D32: 2 | E32: Palembang | F32: Tiktok | G32: 2,3M | H32: Family & Parenting | I32: Admin | J32: 82246769579 | K32: Tiktok | L32: 1,000,000
K33: IG Reels | L33: 1,000,000
K34: Bundling (mirroring) | L34: 1,850,000
A35: 12 | B35: rapundel | C35: Makro | D35: 3 | E35: Tasikmalaya | F35: Tiktok | G35: 481,3K | H35: Education | I35: Team | J35: 89658881718 | K35: Tiktok | L35: 6,000,000
K36: IG Reels | L36: 7,000,000
K37: Bundling (mirroring) | L37: -
A38: 13 | B38: shaaaqy | C38: Makro | D38: 1 | E38: Jakarta | F38: Tiktok | G38: 835K | H38: Lifestyle & Entertainment | I38: Natasha (manager) | J38: 85176767622 | K38: Tiktok | L38: 20,000,000
K39: IG Reels | L39: 12,000,000
K40: Bundling (mirroring) | L40: 24,000,000
A41: 14 | B41: kenn1iro (adik nya zara jkt 48) | C41: Nano | D41: 1 | E41: Jakarta | F41: Tiktok | G41: 2.206 | H41: Entertainment | I41: Manager | J41: 85163052571 | K41: Tiktok | L41: 500
K42: IG Reels | L42: -
K43: Bundling (mirroring) | L43: -
A44: 15 | B44: rafiarliansyahh | C44: Mikro | D44: 1 | E44: Jakarta | F44: Tiktok | G44: 44,7K | H44: Entertainment | I44: Cakra | J44: 8.95398e+16 | K44: Tiktok | L44: 1,500,000
K45: IG Reels | L45: 1,500,000
K46: Bundling (mirroring) | L46: 2,500,000
A47: 16 | B47: theresalearns | C47: Makro | D47: 1 | E47: Jakarta | F47: Tiktok | G47: 139,8K | H47: Education | I47: Shafira | J47: 87887891999 | K47: Tiktok | L47: 23,000,000
K48: IG Reels | L48: 28,000,000
K49: Bundling (mirroring) | L49: 5,000,000
A50: 17 | B50: clausetyohadi | C50: Nano | D50: 1 | E50: Jakarta | F50: Tiktok | G50: 13.4K | H50: Family & Lifestyle | I50: Viola | J50: 83879541738 | K50: Tiktok | L50: 5,000,000
K51: IG Reels | L51: 10,000,000
K52: Youtube | L52: 12,000,000
A53: 18 | B53: nadbelinda | C53: Nano | D53: 1 | F53: Tiktok | G53: 37K | H53: Education & Lifestyle | I53: Bimo | J53: 811851012 | K53: Tiktok
K54: IG Reels
K55: Bundling (mirroring)
A56: 19 | B56: sheilatohir | C56: Nano | D56: 1 | E56: Jakarta | F56: Tiktok | G56: 2871 | H56: Lifestyle | I56: Juandini | J56: 81806442893 | K56: Tiktok
K57: IG Reels | L57: 2,500,000
K58: Story Instagram | L58: 1,000,000
A59: 20 | B59: istrikuarab | C59: Mikro | D59: 1 | E59: Jakarta | F59: Tiktok | G59: 76.6K | H59: Entertainment | I59: admin | J59: 81818187388 | K59: Tiktok | L59: 20,000,000
K60: IG Reels | L60: 15,000,000
K61: Couple Tiktok | L61: 65,000,000
A62: 21 | B62: shabrinnaadfii | C62: Mega | D62: 1 | E62: Jakarta | F62: Tiktok | G62: 2.5M | H62: Entertainment | I62: admin | J62: 81818187388 | K62: Tiktok | L62: 45,000,000
K63: IG Reels | L63: 35,000,000
K64: Couple Tiktok | L64: 65,000,000
A65: 22 | B65: darasarasvaati | C65: Mega | D65: 1 | E65: Yogyakarta-Jakarta | F65: Tiktok | G65: 2M | H65: Beauty | I65: admin creallo | J65: 82310010070 | K65: Tiktok | L65: 40,000,000
K66: IG Reels | L66: 50,000,000
K67: Bundling (mirroring) | L67: 75,000,000
A68: 23 | B68: patriciangelss | C68: Makro | D68: 1 | E68: Tangerang | F68: Tiktok | G68: 198,4K | H68: Beauty | I68: admin creallo | J68: 82310010070 | K68: Tiktok | L68: 3,800,000
K69: IG Reels | L69: 4,700,000
K70: Bundling (mirroring) | L70: 7,500,000
A71: 24 | B71: fikriahmadbaihaqi | C71: Makro | D71: 1 | E71: Jakarta | F71: Tiktok | G71: 136,9K | H71: Edutaiment & Storyteller | I71: admin creallo | J71: 82310010070 | K71: Tiktok | L71: 4,500,000
K72: IG Reels | L72: 3,500,000
K73: Bundling (mirroring) | L73: 7,500,000
A74: 25 | B74: efenerr | C74: Mikro | D74: 1 | E74: Tangerang | F74: Tiktok | G74: 41,5K | H74: Edutaiment & Storyteller | I74: admin creallo | J74: 82310010070 | K74: Tiktok | L74: 2,000,000
K75: IG Reels | L75: 3,000,000
K76: Bundling (mirroring) | L76: 4,500,000
A77: 26 | B77: safreza | C77: Makro | D77: 1 | E77: Jakarta | F77: Tiktok | G77: 774K | H77: Education | I77: admin creallo | J77: 82310010070 | K77: Tiktok | L77: 5,500,000
K78: IG Reels | L78: 3,500,000
K79: Bundling (mirroring) | L79: 8,000,000
A80: 27 | B80: ripapskidipapap | C80: Makro | D80: 2 | E80: Yogyakarta | F80: Tiktok | G80: 233K | H80: Education | I80: admin creallo | J80: 82310010070 | K80: Tiktok | L80: 5,000,000
K81: IG Reels | L81: 3,000,000
K82: Bundling (mirroring) | L82: 7,500,000
A83: 28 | B83: arieunoo | C83: Mikro | D83: 1 | E83: Jakarta | F83: Tiktok | G83: 85,1K | H83: Comedy | I83: admin creallo | J83: 82310010070 | K83: Tiktok | L83: 4,500,000
K84: IG Reels | L84: 4,000,000
K85: Bundling (mirroring) | L85: 7,000,000
A86: 29 | B86: andikahonda | C86: Makro | D86: 1 | E86: Jakarta | F86: Tiktok | G86: 689,6K | H86: Sports | I86: admin creallo | J86: 82310010070 | K86: Tiktok | L86: 6,000,000
K87: IG Reels | L87: 5,000,000
K88: Bundling (mirroring) | L88: 8,000,000
A89: 30 | B89: eloardoaruanse | C89: Makro | D89: 1 | E89: Jakarta | F89: Tiktok | G89: 292K | H89: Education | I89: admin creallo | J89: 82310010070 | K89: Tiktok | L89: 5,500,000
K90: IG Reels | L90: 2,500,000
K91: Bundling (mirroring) | L91: 7,500,000
A92: 31 | B92: arifrfq | C92: Makro | D92: 1 | E92: Jakarta | F92: Tiktok | G92: 222,5K | H92: Comedy | I92: admin creallo | J92: 82310010070 | K92: Tiktok | L92: 5,000,000
K93: IG Reels | L93: 3,000,000
K94: Bundling (mirroring) | L94: 6,000,000
A95: 32 | B95: aaroby13 | C95: Makro | D95: 1 | E95: Bandung | F95: Tiktok | G95: 417,7K | H95: Comedy | I95: admin creallo | J95: 82310010070 | K95: Tiktok | L95: 4,000,000
K96: IG Reels | L96: 2,500,000
K97: Bundling (mirroring) | L97: 6,000,000
A98: 33 | B98: adrianmattheis | C98: Makro | D98: 3 | E98: Sorong,Papua | F98: Tiktok | G98: 256,6K | H98: Sports | I98: admin creallo | J98: 82310010070 | K98: Tiktok | L98: 6,000,000
K99: IG Reels | L99: 5,000,000
K100: Bundling (mirroring) | L100: 8,000,000
...

Sheet Sheet2
A1: No | B1: Username | C1: Social Media | D1: Followers | E1: General Brief | F1: PIC | G1: No PIC | H1: Tier | I1: Rate Card
A2: 1 | B2: wkwkland_real | C2: Instagram | D2: 513K | F2: admin wkwkland | G2: 85156953076 | H2: Nasional | I2: IG Story | J2: 300
I3: Reels | J3: 2,000,000
I4: Feeds | J4: 1,500,000
A5: 2 | B5: bestie.genk | C5: Instagram | D5: 497K | E5: Akun Gossip | F5: admin bestiegenk | G5: 82186101480 | H5: Nasional | I5: 1 IGS | J5: 180
I6: 2 IGS | J6: 360
I7: 3 IGS | J7: 430
A8: 3 | B8: bestiegenk.closefriend | C8: Instagram | D8: 359K | E8: Akun Gossip | F8: admin bestiegenk | G8: 82186101480 | H8: Nasional | I8: 1 IGS | J8: 150
I9: 2 IGS | J9: 340
I10: 3 IGS | J10: 390
A11: 4 | B11: lambe_turah | C11: Instagram | D11: 12M | E11: Akun Gossip | F11: admin | G11: 81328616092 | H11: Nasional | I11: Feeds | J11: 15,000,000
I12: Reels | J12: 20,000,000
I13: IG Story Photo | J13: 2,500,000
A14: 5 | B14: lambeturah_official | C14: Instagram | D14: 2M | E14: Akun Gossip | F14: admin | G14: 81328616092 | H14: Nasional | I14: Feeds | J14: 3,000,000
I15: Reels | J15: 6,000,000
I16: IG Story Photo | J16: 1,000,000
A17: 6 | B17: ngakakkocak | C17: Instagram | D17: 11M | E17: Akun Meme/Lucu | F17: admin | G17: 81388308870 | H17: Nasional | I17: Feeds | J17: 6,000,000
I18: Reels | J18: 6,500,000
I19: IG Story | J19: 2,000,000
A20: 7 | B20: ngakaksehat | C20: Instagram | D20: 4,5M | E20: Akun Meme/Lucu | F20: admin | G20: 81388308870 | H20: Nasional | I20: Feeds | J20: 3,000,000
I21: Reels | J21: 4,000,000
I22: IG Story | J22: 1,500,000
A23: 8 | B23: misterkomedi | C23: Instagram | D23: 1M | E23: Akun Meme/Lucu | F23: admin | G23: 81388308870 | H23: Nasional | I23: Feeds | J23: 600
I24: Reels | J24: 600
I25: IG Story | J25: 400
A26: 9 | B26: indoviral8 | C26: Instagram | D26: 629K | E26: Akun Meme/Lucu, Viral | F26: admin | G26: 81388308870 | H26: Nasional | I26: Feeds | J26: 300
I27: Reels | J27: 400
I28: IG Story | J28: 200
A29: 10 | B29: awreceh.id | C29: Instagram | D29: 4M | E29: Akun Meme/Lucu, Viral | F29: saragih media | G29: 85892487894 | H29: Nasional | I29: Feeds | J29: 700
I30: Reels | J30: 700
I31: IG Story | J31: 400
A32: 11 | B32: kegoblogan.unfaedah | C32: Instagram | D32: 2,1M | E32: Akun Meme/Lucu, Viral | F32: saragih media | G32: 85892487894 | H32: Nasional | I32: Feeds | J32: 400
I33: Reels | J33: 400
I34: IG Story | J34: 200
A35: 12 | B35: kegobloganunfaedah | C35: Instagram | D35: 1,2M | E35: Akun Meme/Lucu, Viral | F35: saragih media | G35: 85892487894 | H35: Nasional | I35: Feeds | J35: 200
I36: Reels | J36: 200
I37: IG Story | J37: -
A38: 13 | B38: kegoblogan.unfaedahh_ | C38: Instagram | D38: 1M | E38: Akun Meme/Lucu, Viral | F38: saragih media | G38: 85892487894 | H38: Nasional | I38: Feeds | J38: 150
I39: Reels | J39: 150
I40: IG Story | J40: -
A41: 14 | B41: Unikinfold | C41: Instagram | D41: 926K | E41: Akun Meme/Lucu, Viral | F41: admin folks media | G41: 85376849515 | H41: Nasional | I41: Feeds | J41: 2,500,000
I42: Reels | J42: 2,500,000
I43: IG Story | J43: 500
A44: 15 | B44: berdialoq | C44: Instagram | D44: 97,7K | E44: Akun Meme/Lucu, Viral | F44: admin folks media | G44: 85376849515 | H44: Nasional | I44: Feeds | J44: 300
I45: Reels | J45: 300
I46: IG Story | J46: 50
A47: 16 | B47: ohmmeygatt | C47: Instagram | D47: 2,3M | E47: Akun Meme/Lucu, Viral | F47: admin folks media | G47: 85376849515 | H47: Nasional | I47: Feeds | J47: 2,500,000
I48: Reels | J48: 2,500,000
I49: IG Story | J49: 500
A50: 17 | B50: abouthetic | C50: Instagram | D50: 2,8M | E50: Akun Meme/Lucu, Viral | F50: admin folks media | G50: 85376849515 | H50: Nasional | I50: Feeds | J50: 4,300,000
I51: Reels | J51: 4,500,000
I52: IG Story | J52: 750
A53: 18 | B53: girlstorychat | C53: Instagram | D53: 1,9M | E53: Akun Meme/Lucu, Viral | F53: admin folks media | G53: 85376849515 | H53: Nasional | I53: Feeds | J53: 3,000,000
I54: Reels | J54: 3,000,000
I55: IG Story | J55: 500
A56: 19 | B56: colorteutic | C56: Instagram | D56: 921K | E56: Akun Meme/Lucu, Viral | F56: admin folks media | G56: 85376849515 | H56: Nasional | I56: Feeds | J56: 1,500,000
I57: Reels | J57: 1,500,000
I58: IG Story | J58: 350
A59: 20 | B59: mood.jakarta | C59: Instagram | D59: 1,2M | E59: Akun Meme/Lucu, Viral | F59: admin folks media | G59: 85376849515 | H59: Nasional | I59: Feeds | J59: 3,000,000
I60: Reels | J60: 3,000,000
I61: IG Story | J61: 1,000,000
A62: 21 | B62: folkkonoha | C62: Instagram | D62: 429K | E62: Akun Meme/Lucu, Viral | F62: admin folks media | G62: 85376849515 | H62: Nasional | I62: Feeds | J62: 800
I63: Reels | J63: 800
I64: IG Story | J64: 350
A65: 22 | B65: abouthify | C65: Instagram | D65: 1,2M | E65: Akun Meme/Lucu, Viral | F65: admin folks media | G65: 85376849515 | H65: Nasional | I65: Feeds | J65: 2,700,000
I66: Reels | J66: 2,700,000
I67: IG Story | J67: 500
A68: 23 | B68: beritaindonesia_ | C68: Instagram | D68: 607K | E68: Akun Meme/Lucu, Viral | F68: admin folks media | G68: 85376849515 | H68: Nasional | I68: Feeds | J68: 750
I69: Reels | J69: 750
I70: IG Story | J70: 200
A71: 24 | B71: photoshop_indonesia | C71: Instagram | D71: 328K | E71: Akun Meme/Lucu, Viral | F71: admin folks media | G71: 85376849515 | H71: Nasional | I71: Feeds | J71: 800
I72: Reels | J72: 800
I73: IG Story | J73: 250
A74: 25 | B74: duniapunyacerita | C74: Instagram | D74: 409K | E74: Akun Meme/Lucu, Viral | F74: admin folks media | G74: 85376849515 | H74: Nasional | I74: Feeds | J74: 750
I75: Reels | J75: 750
I76: IG Story | J76: 150
A77: 26 | B77: jkt.fess | C77: Instagram | D77: 2M | E77: Trending News | F77: admin folks media | G77: 85376849515 | H77: Jakarta | I77: Feeds | J77: 5,500,000
I78: Reels | J78: 5,500,000
I79: IG Story | J79: 1,500,000
A80: 27 | B80: jkt.feed | C80: Instagram | D80: 886K | E80: Trending News | F80: admin folks media | G80: 85376849515 | H80: Jakarta | I80: Feeds | J80: 2,500,000
I81: Reels | J81: 2,500,000
I82: IG Story | J82: 500
A83: 28 | B83: jktonfeed | C83: Instagram | D83: 262K | E83: Trending News | F83: admin folks media | G83: 85376849515 | H83: Jakarta | I83: Feeds | J83: 650
I84: Reels | J84: 650
I85: IG Story | J85: 150
A86: 29 | B86: jkt.genz | C86: Instagram | D86: 1,1M | E86: Trending News | F86: admin folks media | G86: 85376849515 | H86: Jakarta | I86: Feeds | J86: 1,500,000
I87: Reels | J87: 1,500,000
I88: IG Story | J88: 350
A89: 30 | B89: jakarta.folks | C89: Instagram | D89: 292K | E89: Trending News | F89: admin folks media | G89: 85376849515 | H89: Jakarta | I89: Feeds | J89: 800
I90: Reels | J90: 800
I91: IG Story | J91: 250
A92: 31 | B92: jkt.folks | C92: Instagram | D92: 1,3M | E92: Trending News | F92: admin folks media | G92: 85376849515 | H92: Jakarta | I92: Feeds | J92: 2,000,000
I93: Reels | J93: 2,000,000
I94: IG Story | J94: 300
A95: 32 | B95: sulthanreceh | C95: Instagram | D95: 649K | E95: Akun Meme/Lucu, Viral | F95: maherrr | G95: 85822241265 | H95: Nasional | I95: Feeds | J95: 350
I96: IG Story | J96: 200
I97: Bundling | J97: 400
A98: 33 | B98: wajibkeras | C98: Instagram | D98: 123K | E98: Akun Meme/Lucu, Viral | F98: maherrr | G98: 85822241265 | H98: Nasional | I98: Feeds | J98: 100
I99: IG Story | J99: 50
I100: Bundling | J100: 120
...

Sheet Sheet3
A1: October
A2: Tanggal | B2: Account Username | C2: Link | D2: Views | E2: Reach | F2: Likes | G2: Comments | H2: Saved | I2: Shares | J2: Profile Visits | K2: Replies | L2: Website Click | M2: Total Eng. | N2: ER (%)
A3: 28/10/2025 | B3: prythapramesthi | C3: https://www.instagram.com/p/DQWdPYukxqW/ | D3: 11768 | E3: 10193 | F3: 595 | G3: 30 | H3: 53 | I3: 54 | J3: - | K3: - | L3: - | M3: =SUM(F3:L3) -> 732 | N3: =M3/E3*100 -> 7.181399
A4: 28/10/2025 | B4: prythapramesthi | C4: https://www.tiktok.com/@prythaaa/video/7566238382657932551?_r=1&_t=ZS-902wPY3ZwOt | D4: 265 | E4: 0 | F4: 33 | G4: 6 | H4: 3 | I4: 2 | J4: - | K4: - | L4: - | M4: =SUM(F4:L4) -> 44 | N4: =M4/E4*100 -> #DIV/0!
A5: Total ER October | D5: =sum(D3:D4) -> 12033 | E5: =sum(E3:E4) -> 10193 | F5: =sum(F3:F4) -> 628 | G5: =sum(G3:G4) -> 36 | H5: =sum(H3:H4) -> 56 | I5: =sum(I3:I4) -> 56 | J5: =sum(J3:J4) -> 0 | K5: =sum(K3:K4) -> 0 | ... M5: =sum(M3:M4) -> 776 | N5: =M5/E5*100 -> 7.6130678
A8: November
A9: Tanggal | B9: Account Username | C9: Link | D9: Views | E9: Reach | F9: Likes | G9: Comments | H9: Saved | I9: Shares | J9: Profile Visits | K9: Replies | L9: Website Click | M9: Total Eng. | N9: ER (%)
A10: 45668 | B10: febrinaraamadhani | C10: https://www.instagram.com/reel/DQgXDoBD5W3/ | D10: 11073 | E10: 7150 | F10: 420 | G10: 11 | H10: 1 | I10: 25 | J10: - | K10: - | L10: - | M10: =SUM(F10:L10) -> 457 | N10: =M10/E10*100 -> 6.3916084
A11: 45727 | B11: novitanggrainie | C11: https://www.instagram.com/reel/DQmAQ-xk37j/?igsh=MWUyYTVkdzQ1eDFhMw== | D11: 66441 | E11: 85795 | F11: 526 | G11: 3 | H11: 36 | I11: 151 | J11: - | K11: - | L11: - | M11: =SUM(F11:L11) -> 716 | N11: =M11/E11*100 -> 0.83454747
A12: 45727 | B12: novitanggrainie | C12: https://vt.tiktok.com/ZSyDQSLFo/ | D12: 5638 | E12: - | F12: 118 | G12: 8 | H12: 59 | I12: 43 | J12: - | K12: - | L12: - | M12: =SUM(F12:L12) -> 228 | N12: =M12/E12*100 -> #VALUE!
A13: 45758 | B13: febrinaraamadhani | C13: https://www.instagram.com/reel/DQnfOawj5tN/ | D13: 2785 | E13: 1637 | F13: 336 | G13: 2 | H13: 3 | I13: 18 | J13: - | K13: - | L13: - | M13: =SUM(F13:L13) -> 359 | N13: =M13/E13*100 -> 21.93036
A14: 45788 | B14: febrinaraamadhani | C14: https://www.tiktok.com/@febrinaraamadhani/video/7569243186728537351 | D14: 276 | E14: - | F14: 39 | G14: - | H14: 3 | I14: 4 | J14: - | K14: - | L14: - | M14: =SUM(F14:L14) -> 46 | N14: =M14/E14*100 -> #VALUE!
A15: 45911 | B15: febrinaraamadhani | C15: https://www.tiktok.com/@febrinaraamadhani/video/7570556275973541138 | D15: 2248 | E15: - | F15: 139 | G15: - | H15: 5 | I15: 6 | J15: - | K15: - | L15: - | M15: =SUM(F15:L15) -> 150 | N15: =M15/E15*100 -> #VALUE!
A16: 15/11/2025 | B16: andinshifaaa | C16: https://www.instagram.com/reel/DRE3VtRkfaX/?igsh=MXQ1N3NxNnNyM200OQ%3D%3D | D16: 26181 | E16: 7800 | F16: 980 | G16: 26 | H16: 699 | I16: 829 | J16: - | K16: - | L16: - | M16: =SUM(F16:L16) -> 2534 | N16: =M16/E16*100 -> 32.487179
A17: 16/11/2025 | B17: andinshifaaa | C17: https://www.tiktok.com/@andsheblooms/video/7573177501309013266?_r=1&_t=ZS-91SmeFr6svl | D17: 14746 | E17: - | F17: 751 | G17: 18 | H17: 745 | I17: 206 | J17: - | K17: - | L17: - | M17: =SUM(F17:L17) -> 1720 | N17: =M17/E17*100 -> #VALUE!
A18: 22/11/2025 | B18: febrinaraamadhani | C18: https://www.instagram.com/reel/DRTkgOlDw9x/ | D18: 2301 | E18: 1283 | F18: 336 | G18: 5 | H18: 1 | I18: 22 | J18: - | K18: - | L18: - | M18: =SUM(F18:L18) -> 364 | N18: =M18/E18*100 -> 28.371005
A19: 23/11/2025 | B19: badaisamudrar | C19: https://www.instagram.com/reel/DRZhQ-9DVuf/?igsh=c3p5bXdmZ2RqMTli | D19: 4969 | E19: 3555 | F19: 156 | G19: 9 | H19: 22 | I19: 48 | J19: - | K19: - | L19: - | M19: =SUM(F19:L19) -> 235 | N19: =M19/E19*100 -> 6.6104079
A20: 23/11/2025 | B20: badaisamudrar | C20: https://www.tiktok.com/@badaisamudrar/video/7575896534823324935?_r=1&_t=ZS-91dh1cbkEGF | D20: 421 | E20: - | F20: 22 | G20: 2 | H20: 5 | I20: 3 | J20: - | K20: - | L20: - | M20: =SUM(F20:L20) -> 32 | N20: =M20/E20*100 -> #VALUE!
A21: 24/11/2025 | B21: febrinaraamadhani | C21: https://www.tiktok.com/@febrinaraamadhani/video/7576116429905251592 | D21: 12339 | E21: - | F21: 127 | G21: 2 | H21: 2 | I21: 8 | J21: - | K21: - | L21: - | M21: =SUM(F21:L21) -> 139 | N21: =M21/E21*100 -> #VALUE!
A22: Total ER November | D22: =sum(D10:D21) -> 149418 | E22: =sum(E10:E21) -> 107220 | F22: =sum(F10:F21) -> 3950 | G22: =sum(G10:G21) -> 86 | H22: =sum(H10:H21) -> 1581 | I22: =sum(I10:I21) -> 1363 | J22: =sum(J10:J21) -> 0 | K22: =sum(K10:K21) -> 0 | ... M22: =sum(M10:M21) -> 6980 | N22: =M22/E22*100 -> 6.5099795
A25: January
A26: Tanggal | B26: Account Username | C26: Link | D26: Views | E26: Reach | F26: Likes | G26: Comments | H26: Saved | I26: Shares | J26: Profile Visits | K26: Replies | L26: Website Click | M26: Total Eng. | N26: ER (%)
A27: 46034 | B27: badaisamudrar | C27: https://www.instagram.com/p/DTU_Nchk0j2/ | D27: 48266 | E27: 39381 | F27: 2146 | G27: 52 | H27: 1189 | I27: 1727 | J27: - | K27: - | L27: - | M27: =SUM(F27:L27) -> 5114 | N27: =M27/E27*100 -> 12.985958
A28: 46034 | B28: badaisamudrar | C28: https://www.tiktok.com/@badaisamudrar/video/7593924885374635282 | D28: 47849 | E28: - | F28: 4284 | G28: 39 | H28: 2135 | I28: 1208 | J28: - | K28: - | L28: - | M28: =SUM(F28:L28) -> 7666 | N28: =M28/E28*100 -> #VALUE!
A29: Total ER Jan | D29: =sum(D27:D28) -> 96115 | E29: =sum(E27:E28) -> 39381 | F29: =sum(F27:F28) -> 6430 | G29: =sum(G27:G28) -> 91 | H29: =sum(H27:H28) -> 3324 | I29: =sum(I27:I28) -> 2935 | M29: =sum(M27:M28) -> 12780 | N29: =M29/E29*100 -> 32.452198

Sheet Sheet4
A1: Placement | B1: Date | C1: Output Content | D1: QTY Post | E1: Link Post | F1: Engagement
F2: Views | G2: Reach/UV | H2: Likes | I2: Comments | J2: Saved | K2: Shares | L2: Profile Visits | M2: Replies | N2: Website Click/ Clicks | O2: Total Eng. | P2: ER
A3: APRIL
A4: Channel: DID
O5: =sum(H5:N5) -> 0 | P5: =O5/G5*100 -> #DIV/0!
A7: Channel: LI
O8: =sum(H8:N8) -> 0 | P8: =O8/G8*100 -> #DIV/0!
A10: Community Collab: Sidina Comunity
A11: KOL 1 - @resty.hartika | B11: 45772 | C11: IG Reels | D11: 1 | E11: https://www.instagram.com/p/DI1KAFAyC0q/ | F11: 3242 | G11: 775 | H11: 350 | I11: 41 | J11: 39 | K11: 38 | L11: - | M11: - | N11: - | O11: =SUM(H11:N11) -> 468 | P11: =O11/G11*100 -> 60.387097
A12: KOL 2 - @alizamaharani | B12: 45777 | C12: IG Reels | D12: 1 | E12: https://www.instagram.com/p/DJHQYITzjp6/ | F12: 15433 | G12: 2719 | H12: 1053 | I12: 41 | J12: 41 | K12: 941 | L12: - | M12: - | N12: - | O12: =SUM(H12:N12) -> 2076 | P12: =O12/G12*100 -> 76.3516
A13: Collab Post 1 @sidina | Hal kecil yang bikin Mompreneur Happy! | B13: 45770 | C13: IG Feed (Carousel) | D13: 1 | E13: https://www.instagram.com/p/DIyWCOFy_wq/?img_index=1 | F13: 1851 | G13: 1029 | H13: 406 | I13: 7 | J13: 0 | K13: 121 | L13: 33 | M13: 0 | N13: 0 | O13: =SUM(H13:N13) -> 567 | P13: =O13/G13*100 -> 55.102041
A14: Collab Post 2 @sidina | Tipe-tipe teman yang support pemilik UMKM | B14: 45775 | C14: IG Feed (Carousel) | D14: 1 | E14: https://www.instagram.com/p/DI_N_fKyn4z/?img_index=3 | F14: 2195 | G14: 1434 | H14: 397 | I14: 7 | J14: 3 | K14: 20 | L14: 28 | M14: 0 | N14: 0 | O14: =SUM(H14:N14) -> 455 | P14: =O14/G14*100 -> 31.729428
A16: MAY
A17: Channel: DID
A18: IGS SISBERDAYA | B18: 7-25 May | C18: IGS | F18: ='IGS May'!L76 -> #REF! | G18: ='IGS May'!M76 -> #REF! | H18: ='IGS May'!N76 -> #REF! | I18: 0 | J18: 0 | K18: ='IGS May'!O76 -> #REF! | L18: ='IGS May'!P76 -> #REF! | M18: ='IGS May'!Q76 -> #REF! | N18: ='IGS May'!R76 -> #REF! | O18: =sum(H18:N18) -> #REF! | P18: =O18/G18*100 -> #REF!
A19: Teaser #SISBERDAYA2025 - CTA Open Registration | B19: 45783 | C19: IG Reels | D19: 1 | E19: https://www.instagram.com/p/DJTLKnhStV7/ | F19: 3889 | G19: 2511 | H19: 446 | I19: 1 | J19: 4 | K19: 128 | L19: 0 | M19: 0 | N19: 0 | O19: =SUM(H19:N19) -> 579 | P19: =O19/G19*100 -> 23.058542
A20: KV OPEN REGISTRATION #SISBERDAYA2025 | B20: 45784 | C20: IG Feed (Single Post) - Ads | D20: 1 | E20: https://www.instagram.com/p/DJWZeuXscym/ | O20: =sum(H20:N20) -> 0 | P20: =O20/G20*100 -> #DIV/0!
A21: Event Highlight Press Conference #SISBERDAYA2025 | B21: 45787 | C21: IG Feed (Carousel Post) | D21: 1 | E21: https://www.instagram.com/p/DJeHhHkBAcr/?img_index=1 | F21: 3362 | G21: 1794 | H21: 549 | I21: 11 | J21: 21 | K21: 135 | L21: 48 | M21: 0 | N21: 6 | O21: =SUM(H21:N21) -> 770 | P21: =O21/G21*100 -> 42.920847
A22: #CeritaDANAM8s - DANA's Womenpreneur: Earthy Eats | B22: 45794 | C22: IG Feed (Carousel Post) | D22: 1 | E22: https://www.instagram.com/p/DJwJMxYva7J/?img_index=1 | F22: 5816 | G22: 2634 | H22: 540 | I22: 6 | J22: 3 | K22: 154 | L22: 63 | M22: 0 | N22: 3 | O22: =SUM(H22:N22) -> 769 | P22: =O22/G22*100 -> 29.19514
A23: #SisBerdaya | IG Reels - Event Highlight Press Conference | B23: 45795 | C23: IG Reels | D23: 1 | E23: https://www.instagram.com/p/DJyt4V-SA6Q/ | F23: 4022 | G23: 2392 | H23: 497 | I23: 4 | J23: 2 | K23: 106 | L23: 0 | M23: 0 | N23: 0 | O23: =SUM(H23:N23) -> 609 | P23: =O23/G23*100 -> 25.459866
A24: #SisBerdaya | Testimoni SISBERDAYA 2024 | B24: 45796 | C24: IG Feed (Carousel Post) | D24: 1 | E24: https://www.instagram.com/p/DJ1WJ6IB9iE/?img_index=1 | F24: 3226 | G24: 1558 | H24: 494 | I24: 16 | J24: 4 | K24: 152 | L24: 55 | M24: 0 | N24: 5 | O24: =SUM(H24:N24) -> 726 | P24: =O24/G24*100 -> 46.598203
A25: #TantanganDaysinDANA | #SISBERDAYA | B25: 45799 | C25: IG Feed (Single Post) - Ads | D25: 1 | E25: https://www.instagram.com/p/DJ9BDbzvRYk/ | F25: 286663 | G25: 144852 | H25: 895 | I25: 243 | J25: 108 | K25: 336 | L25: 2032 | M25: 0 | N25: 2171 | O25: =SUM(H25:N25) -> 5785 | P25: =O25/G25*100 -> 3.9937315
A26: Collab Post with dana.id: Info #SISBERDAYA | B26: 45800 | C26: IG Feed (Carousel Post) | D26: 1 | E26: https://www.instagram.com/p/DJ_S2sdPgVB/?img_index=1 | F26: 44354 | G26: 22547 | H26: 363 | I26: 336 | J26: 10 | K26: 8 | L26: 0 | M26: 0 | N26: 0 | O26: =sum(H26:N26) -> 717 | P26: =O26/G26*100 -> 3.1800239
A27: #SisBerdaya Closed Registration | B27: 45807 | C27: IG Feed (Carousel Post) | D27: 1 | E27: https://www.instagram.com/p/DKQxn5VqiTS/?img_index=1 | F27: 3637 | G27: 1933 | H27: 160 | I27: 19 | J27: 0 | K27: 5 | L27: 80 | M27: 0 | N27: 2 | O27: =SUM(H27:N27) -> 266 | P27: =O27/G27*100 -> 13.760993
A30: Channel: Linkedin
A31: KV OPEN REGISTRATION #SISBERDAYA2025 | B31: 45784 | C31: Feed post (Ads) | D31: 1 | E31: https://www.linkedin.com/feed/update/urn:li:activity:7325732628458803200 | F31: 287868 | G31: 2106 | H31: 59 | I31: 0 | J31: 0 | K31: 8 | L31: 0 | M31: 0 | N31: 2186 | O31: =sum(H31:N31) -> 2253 | P31: =O31/G31*100 -> 106.98006
A32: Event Highlight Press Conference #SISBERDAYA2025 | B32: 45787 | C32: Feed post | D32: 1 | E32: https://www.linkedin.com/posts/dana-indonesia_sisberdaya-2025-activity-7326923967867277312-L-ll?utm_source=share&utm_medium=member_desktop&rcm=ACoAABkzbf4BbS4hvKS0fGvtG1nVLRCgyurD254 | F32: 2035 | G32: 1281 | H32: 17 | I32: 0 | J32: 0 | K32: 1 | L32: 0 | M32: 0 | N32: 489 | O32: =sum(H32:N32) -> 507 | P32: =O32/G32*100 -> 39.578454
A33: #CeritaDANAM8s - DANA's Womenpreneur: Earthy Eats | B33: 45794 | C33: Feed post | D33: 1 | E33: https://www.linkedin.com/feed/update/urn:li:activity:7329460687460532224 | F33: 4672 | G33: 2520 | H33: 43 | I33: 2 | J33: 0 | K33: 3 | L33: 0 | M33: 0 | N33: 2748 | O33: =sum(H33:N33) -> 2796 | P33: =O33/G33*100 -> 110.95238
A34: #SisBerdaya | IG Reels - Event Highlight Press Conference | B34: 45795 | C34: Video Post | D34: 1 | E34: https://www.linkedin.com/feed/update/urn:li:activity:7329823070011961344 | F34: 33978 | G34: 898 | H34: 27 | I34: 0 | J34: 0 | K34: 1 | L34: 0 | M34: 0 | N34: 92 | O34: =sum(H34:N34) -> 120 | P34: =O34/G34*100 -> 13.363029
A35: LI Article #2 - Actionable Tips for Work-Life Harmony for Moms | B35: 45796 | C35: Feed post | D35: 1 | E35: https://www.linkedin.com/feed/update/urn:li:activity:7330204687842902016 | F35: 854 | G35: 553 | H35: 5 | I35: 0 | J35: 0 | K35: 0 | L35: 0 | M35: 0 | N35: 96 | O35: =sum(H35:N35) -> 101 | P35: =O35/G35*100 -> 18.264014
A36: #SisBerdaya | Testimoni SISBERDAYA 2024 | B36: 45800 | C36: Feed post | D36: 1 | E36: https://www.linkedin.com/feed/update/urn:li:activity:7331651767937499136/ | F36: 844 | G36: 335 | H36: 10 | I36: 0 | J36: 0 | K36: 0 | L36: 0 | M36: 0 | N36: 80 | O36: =sum(H36:N36) -> 90 | P36: =O36/G36*100 -> 26.865672
A37: Close Registration #SISBERDAYA | B37: 45807 | C37: Feed Post | D37: 1 | E37: https://www.linkedin.com/feed/update/urn:li:activity:7334035845991026689 | F37: 793 | G37: 585 | H37: 2 | I37: 0 | J37: 0 | K37: 0 | L37: 0 | M37: 0 | N37: 153 | O37: =sum(H37:N37) -> 155 | P37: =O37/G37*100 -> 26.495726
A39: Community Collab: Productive Mamas
A40: KOL 1 - Deysamosir | B40: 45797 | C40: IG Reels | D40: 1 | E40: https://www.instagram.com/p/DJ1Y5plPnEM/ | F40: 17306 | G40: 15804 | H40: 674 | I40: 30 | J40: 11 | K40: 333 | L40: 0 | M40: 0 | N40: 0 | O40: =SUM(H40:N40) -> 1048 | P40: =O40/G40*100 -> 6.6312326
A41: KOL 2 - Rika | C41: IG Reels | D41: 1 | E41: https://www.instagram.com/reel/DKLl3YAzdLA/?igsh=MXgxd3prcmdpd2x5Mw== | F41: 8243 | G41: 1150 | H41: 543 | I41: 70 | J41: 33 | K41: 1 | L41: 0 | M41: 0 | N41: 0 | O41: =SUM(H41:N41) -> 647 | P41: =O41/G41*100 -> 56.26087
A42: Collab Post 1 @productivemamas | Selain Skill, Womenpreneur Wajib Punya Mentor! | B42: 45800 | C42: IG Feed (Carousel Post) | D42: 1 | E42: https://www.instagram.com/p/DJ_l50iywFO/?img_index=1 | F42: 1767 | G42: 1001 | H42: 452 | I42: 6 | J42: 0 | K42: 107 | L42: 29 | M42: 0 | N42: 3 | O42: =SUM(H42:N42) -> 597 | P42: =O42/G42*100 -> 59.64036
A43: Collab Post 2 @productivemamas | Ibu-Ibu Produktif | B43: 45803 | C43: IG Feed (Carousel Post) | D43: 1 | E43: https://www.instagram.com/p/DKHURHyS01H/?img_index=1 | F43: 2844 | G43: 1943 | H43: 402 | I43: 9 | J43: 0 | K43: 5 | L43: 18 | M43: 0 | N43: 1 | O43: =SUM(H43:N43) -> 435 | P43: =O43/G43*100 -> 22.38806
A45: JUNE
A46: Channel: DID
A47: IGS SISBERDAYA | B47: 1-30 June | C47: IGS | F47: ='IGS June'!L75 -> #REF! | G47: ='IGS June'!M75 -> #REF! | H47: ='IGS June'!N75 -> #REF! | I47: 0 | J47: 0 | K47: 0 | L47: ='IGS June'!Q75 -> #REF! | M47: ='IGS June'!R75 -> #REF! | N47: ='IGS June'!S75 -> #REF! | O47: =SUM(H47:N47) -> #REF! | P47: =O47/G47*100 -> #REF!
A48: Shareable Cerita WomenPreneur #SisBerdaya | B48: 45810 | C48: IG Feed (Carousel Post) | D48: 1 | E48: https://www.instagram.com/p/DKZV1Sttvdc/?img_index=1 | F48: 3104 | G48: 1799 | H48: 416 | I48: 21 | K48: 113 | L48: 27 | M48: 0 | N48: 2 | O48: =SUM(H48:N48) -> 579 | P48: =O48/G48*100 -> 32.184547
A49: #TantanganDaysinDANA - #SisBerdaya Edition | B49: 45819 | C49: IG Feed Post | D49: 1 | E49: https://www.instagram.com/p/DKwg9dfppLA/ | F49: 6674 | G49: 3840 | H49: 376 | I49: 625 | J49: 66 | K49: 175 | L49: 104 | M49: 0 | N49: 6 | O49: =SUM(H49:N49) -> 1352 | P49: =O49/G49*100 -> 35.208333
A50: ANNOUNCEMENT TOP 30 #DISBERDAYA | B50: 45820 | C50: IG Feed (Carousel Post) | D50: 1 | E50: https://www.instagram.com/p/DKzFyfIScW_/?img_index=1 | F50: 5450 | G50: 2077 | H50: 477 | I50: 10 | J50: 1 | K50: 114 | L50: 122 | M50: 0 | N50: 2 | O50: =SUM(H50:N50) -> 726 | P50: =O50/G50*100 -> 34.954261
A51: Announcement Top 180 #SISBERDAYA | B51: 45824 | C51: IG Feed (Carousel Post) | D51: 1 | E51: https://www.instagram.com/p/DK9aC6dB75K/?img_index=1 | F51: 6016 | G51: 2843 | H51: 590 | I51: 44 | J51: 10 | K51: 145 | L51: 206 | M51: 0 | N51: 26 | O51: =SUM(H51:N51) -> 1021 | P51: =O51/G51*100 -> 35.912768
A53: Channel: Linkedin
A54: Article Post: Redifining Success for Woman Leaders | B54: 45810 | C54: Feed Post | D54: 1 | E54: https://www.linkedin.com/feed/update/urn:li:activity:7335258907444973568 | F54: 1545 | G54: 1003 | H54: 7 | I54: 2 | J54: 0 | K54: 0 | L54: 0 | M54: 0 | N54: 255 | O54: =SUM(H54:N54) -> 264 | P54: =O54/G54*100 -> 26.321037
A55: ANNOUNCEMENT TOP 30 #DISBERDAYA | B55: 45820 | C55: Feed Post | D55: 1 | E55: https://www.linkedin.com/feed/update/urn:li:activity:7338882779348160513 | F55: 2908 | G55: 1919 | H55: 12 | I55: 0 | J55: 0 | K55: 0 | L55: 0 | M55: 0 | N55: 882 | O55: =SUM(H55:N55) -> 894 | P55: =O55/G55*100 -> 46.586764
A56: Announcement Top 180 #SISBERDAYA | B56: 45824 | C56: Feed Post | D56: 1 | E56: https://www.linkedin.com/feed/update/urn:li:activity:7340336052387123201 | F56: 1180 | G56: 816 | H56: 6 | I56: 0 | J56: 0 | K56: 0 | L56: 0 | M56: 0 | N56: 184 | O56: =SUM(H56:N56) -> 190 | P56: =O56/G56*100 -> 23.284314
A57: Article Post: Thriving in Business and at Home | B57: 45828 | C57: Feed Post | D57: 1 | E57: https://www.linkedin.com/feed/update/urn:li:activity:7342869058372997120 | F57: 1066 | G57: 759 | H57: 7 | I57: 0 | J57: 0 | K57: 0 | L57: 0 | M57: 0 | N57: 182 | O57: =SUM(H57:N57) -> 189 | P57: =O57/G57*100 -> 24.901186
A58: Article Post: How Woman Elevate Everyone | B58: 45838 | C58: Feed Post | D58: 1 | E58: https://www.linkedin.com/feed/update/urn:li:activity:7345405774308810754 | F58: 994 | G58: 805 | H58: 8 | I58: 0 | J58: 0 | K58: 0 | L58: 0 | M58: 0 | N58: 278 | O58: =SUM(H58:N58) -> 286 | P58: =O58/G58*100 -> 35.52795
A60: Community Collab: Wajahbundaid
A61: https://www.instagram.com/p/DLPah-hS8G4/?img_index=1 | B61: 45831 | C61: IG Feed (Carousel Post) | D61: 1 | E61: https://www.instagram.com/p/DLPah-hS8G4/?img_index=1 | F61: 2721 | G61: 809 | H61: 639 | I61: 31 | J61: 3 | K61: 127 | L61: 6 | M61: 0 | N61: 2 | O61: =SUM(H61:N61) -> 808 | P61: =O61/G61*100 -> 99.876391
A62: UGC Post 1 | B62: 45834 | C62: IG Reels | D62: 1 | E62: @sintazanetha, https://www.instagram.com/reel/DLWHbeAT9OW/ | F62: 5087 | G62: 1985 | H62: 70 | I62: 54 | J62: 30 | K62: 35 | L62: - | M62: - | O62: =SUM(H62:N62) -> 189 | P62: =O62/G62*100 -> 9.5214106
A63: UGC Post 2 | B63: 45838 | C63: IG Reels | D63: 1 | E63: @nifanifah, https://www.instagram.com/p/DLhqB2EyI_D/ | F63: 9152 | G63: 3450 | H63: 298 | I63: 51 | J63: 17 | K63: 59 | L63: - | M63: - | O63: =SUM(H63:N63) -> 425 | P63: =O63/G63*100 -> 12.318841
A65: JULY
A66: Channel: DID
A67: IGS SISBERDAYA | B67: 1-28 July | C67: IGS | F67: 16048 | G67: 13979 | H67: 186 | I67: 0 | J67: 0 | K67: 0 | L67: 57 | M67: 15 | N67: 62 | O67: =SUM(H67:N67) -> 320 | P67: =O67/G67*100 -> 2.289148
A68: Shareable Content | Womenpreneur | B68: 45840 | C68: IG Feed (Carousel Post) | D68: 1 | E68: https://www.instagram.com/p/DLmlqMYy6Yg/?img_index=1 | F68: 4037 | G68: 1014 | H68: 560 | I68: 23 | J68: 1 | K68: 244 | L68: 23 | M68: 0 | N68: 0 | O68: =SUM(H68:N68) -> 851 | P68: =O68/G68*100 -> 83.925049
A69: Recap Mentoring Online 2025 | B69: 45849 | C69: IG Reels | D69: 1 | E69: https://www.instagram.com/p/DL9w0pwSLQU/ | F69: 5386 | G69: 3117 | H69: 2080 | I69: 44 | J69: 4 | K69: 196 | L69: 0 | M69: 0 | N69: 0 | O69: =SUM(H69:N69) -> 2324 | P69: =O69/G69*100 -> 74.558871
A70: Announcement DisBerdaya Top 5 | B70: 45861 | C70: IG Feed (Carousel Post) | D70: 1 | E70: https://www.instagram.com/p/DMcqgDmBQxf/?img_index=1 | F70: 6620 | G70: 2149 | H70: 499 | I70: 31 | J70: 3 | K70: 113 | L70: 98 | M70: 0 | N70: 4 | O70: =SUM(H70:N70) -> 748 | P70: =O70/G70*100 -> 34.806887
A71: Announcement SisBerdaya Top 30 | B71: 45863 | C71: IG Feed (Carousel Post) | D71: 1 | E71: https://www.instagram.com/p/DMh0K-hJnHG/?img_index=1 | F71: 9288 | G71: 4734 | H71: 586 | I71: 55 | J71: 4 | K71: 168 | L71: 94 | M71: 0 | N71: 3 | O71: =SUM(H71:N71) -> 910 | P71: =O71/G71*100 -> 19.222645
A74: Channel: Linkedin
A75: Recap Mentoring Online 2025 | B75: 45851 | C75: Video Post | D75: 1 | E75: https://www.linkedin.com/posts/dana-indonesia_sisberdaya-sisberdaya2025-dana-activity-7350116795388747777-0BZp?utm_source=share&utm_medium=member_desktop&rcm=ACoAABkzbf4BbS4hvKS0fGvtG1nVLRCgyurD254 | F75: 1289 | G75: 880 | H75: 11 | I75: 0 | J75: 0 | K75: 3 | L75: 0 | M75: 0 | N75: 57 | O75: =SUM(H75:N75) -> 71 | P75: =O75/G75*100 -> 8.0681818
A76: Announcement DisBerdaya Top 5 | B76: 45861 | C76: Feed (Carousel Post) | D76: 1 | E76: https://www.linkedin.com/feed/update/urn:li:activity:7353740693510479873 | F76: 1119 | G76: 728 | H76: 13 | I76: 0 | J76: 0 | K76: 0 | L76: 0 | M76: 0 | N76: 58 | O76: =SUM(H76:N76) -> 71 | P76: =O76/G76*100 -> 9.7527473
A77: Announcement SisBerdaya Top 30 | B77: 45863 | C77: Feed (Carousel Post) | D77: 1 | E77: https://www.linkedin.com/feed/update/urn:li:activity:7354465475143061504 | F77: 1679 | G77: 1008 | H77: 9 | I77: 0 | J77: 0 | K77: 0 | L77: 0 | M77: 0 | N77: 214 | O77: =SUM(H77:N77) -> 223 | P77: =O77/G77*100 -> 22.123016
A79: Community Collab: Smartmums
A80: Collab with Smartmums | Edu Womenpreneur + Giveaway | B80: 45857 | C80: IG Feed (Carousel Post) | D80: 1 | E80: https://www.instagram.com/p/DMSXKoJS4pE/?img_index=1 | F80: 16059 | G80: 8877 | H80: 953 | I80: 48 | J80: 27 | K80: 468 | L80: 73 | M80: 0 | N80: 1 | O80: =SUM(H80:N80) -> 1570 | P80: =O80/G80*100 -> 17.686155
A81: UGC Post 1 | B81: 45862 | C81: IG Reels | D81: 1 | E81: @difarraa, https://www.instagram.com/reel/DMem-MSyKPr/ | F81: 15700 | G81: 2079 | H81: 550 | I81: 84 | J81: 41 | K81: 964 | L81: - | M81: - | O81: =SUM(H81:N81) -> 1639 | P81: =O81/G81*100 -> 78.835979
A82: UGC Post 2 | B82: 45863 | C82: IG Reels | D82: 1 | E82: @listyameliaa, https://www.instagram.com/reel/DMhsyNJTCTp/ | F82: 8168 | G82: 2319 | H82: 235 | I82: 63 | J82: 1 | K82: 100 | L82: - | M82: - | O82: =SUM(H82:N82) -> 399 | P82: =O82/G82*100 -> 17.205692
A84: AUG
A85: Channel: DID
A86: Winner #SisBerdaya & #DisBerdaya 2025 | B86: 45877 | C86: IG Feed | D86: 1 | E86: https://www.instagram.com/p/DNF3Lk1uAjQ/?img_index=1 | F86: 12640 | G86: 4382 | H86: 426 | I86: 37 | J86: 8 | K86: 160 | L86: 97 | M86: 0 | N86: 3 | O86: =SUM(H86:N86) -> 731 | P86: =O86/G86*100 -> 16.68188
A87: IG Reels - Recap of SisBerdaya | B87: 45881 | C87: IG Reels | D87: 1 | E87: https://www.instagram.com/p/DNQKPmryHJE/ | F87: 6134 | G87: 3434 | H87: 424 | I87: 21 | J87: 3 | K87: 162 | L87: 0 | M87: 0 | N87: 0 | O87: =SUM(H87:N87) -> 610 | P87: =O87/G87*100 -> 17.763541
O88: =SUM(H88:N88) -> 0 | P88: =O88/G88*100 -> #DIV/0!
A90: Channel: Linkedin
A91: Winner #SisBerdaya & #DisBerdaya 2025 | B91: 45877 | C91: Feed Post (Carousel Post) | D91: 1 | E91: https://www.linkedin.com/feed/update/urn:li:activity:7359538913121611776 | F91: 2586 | G91: 1632 | H91: 28 | I91: 0 | J91: 0 | K91: 4 | L91: 0 | M91: 0 | N91: 1135 | O91: =SUM(H91:N91) -> 1167 | P91: =O91/G91*100 -> 71.507353
A92: IG Reels - Recap of SisBerdaya | B92: 45881 | C92: Video Post | D92: 1 | E92: https://www.linkedin.com/feed/update/urn:li:activity:7360988465745813505 | F92: 1277 | G92: 866 | H92: 13 | I92: 0 | J92: 0 | K92: 3 | L92: 0 | M92: 0 | N92: 332 | O92: =SUM(H92:N92) -> 348 | P92: =O92/G92*100 -> 40.184758
A95: Channel: Media (Phase 1)
A96: Info Jabar News | B96: 7 Mei 2025 | C96: IG Feed | D96: 1 | E96: https://www.instagram.com/p/DJWGu5ITbnS/ | F96: 22224 | G96: 15576 | H96: 20 | I96: 0 | J96: 1 | K96: 0 | L96: 20 | M96: 0 | N96: 157 | O96: =sum(H96:N96) -> 198 | P96: =O96/G96*100 -> 1.2711864
A97: Info Jabar News | B97: 14 Mei 2025 | C97: IG Story | D97: 1 | E97: https://www.instagram.com/stories/infojabarnews/3632356106058068723?igsh=MXhya24zeTB5MmsxYg== https://drive.google.com/file/d/1bsfAZqP7GdUuUfCUK6UMNu9UWY1T4XL7/view?usp=drive_link | F97: 326 | G97: 313 | H97: 0 | I97: 0 | J97: 0 | K97: 0 | L97: 5 | M97: 0 | N97: 0 | O97: =sum(H97:N97) -> 5 | P97: =O97/G97*100 -> 1.5974441
A98: Kabar Jogja Terkini | B98: 7 Mei 2025 | C98: IG Feed | D98: 1 | E98: https://www.instagram.com/p/DJWFy4exrk1/?img_index=2 | F98: 42200 | G98: 26134 | H98: 82 | I98: 24 | J98: 51 | K98: 20 | L98: 244 | M98: 0 | N98: 1227 | O98: =sum(H98:N98) -> 1648 | P98: =O98/G98*100 -> 6.3059616
A99: Kabar Jogja Terkini | B99: 14 Mei 2025 | C99: IG Story | D99: 1 | E99: https://www.instagram.com/stories/kabarjogjaterkini/ https://drive.google.com/file/d/1ZmjEUwgzEfxD5DQ5szINoOrxxsPMSPBZ/view?usp=drive_link | F99: 1802 | G99: 1716 | H99: 0 | I99: 0 | J99: 0 | K99: 0 | L99: 2 | M99: 0 | N99: 1 | O99: =sum(H99:N99) -> 3 | P99: =O99/G99*100 -> 0.17482517
A100: Info Surabaya | B100: 7 Mei 2025 | C100: IG Feed | D100: 1 | E100: https://www.instagram.com/p/DJWVtibhxNq/ | F100: 54579 | G100: 32228 | H100: 90 | I100: 0 | J100: 10 | K100: 6 | L100: 139 | M100: 0 | N100: 705 | O100: =sum(H100:N100) -> 950 | P100: =O100/G100*100 -> 2.9477473
A101: Info Surabaya | B101: 14 Mei 2025 | C101: IG Story | D101: 1 | E101: https://www.instagram.com/stories/info_surabaya/3632103097322822938/ https://drive.google.com/file/d/1zX_WqUyhY3f-B6LxvlHHj8Hf8FzlULnm/view?usp=drive_link | F101: 5139 | G101: 5016 | H101: 5 | I101: 0 | J101: 0 | K101: 1 | L101: 11 | M101: 0 | N101: 4 | O101: =sum(H101:N101) -> 21 | P101: =O101/G101*100 -> 0.41866029
A102: Bali News | B102: 7 Mei 2025 | C102: IG Feed | D102: 1 | E102: https://www.instagram.com/p/DJWKE32PyGz/ | F102: 16656 | G102: 11184 | H102: 69 | I102: 3 | J102: 9 | K102: 6 | L102: 296 | M102: 0 | N102: 296 | O102: =sum(H102:N102) -> 679 | P102: =O102/G102*100 -> 6.0711731
A103: Bali News | B103: 14 Mei 2025 | C103: IG Story | D103: 1 | E103: https://www.instagram.com/stories/balinewsid/3632106426530089751/ https://drive.google.com/file/d/1IvDWTZdLdF6v7FhWkOa1XuCmY7iyeOoZ/view?usp=drive_link | F103: 712 | G103: 690 | H103: 0 | I103: 0 | J103: 0 | K103: 0 | L103: 2 | M103: 0 | N103: 1 | O103: =sum(H103:N103) -> 3 | P103: =O103/G103*100 -> 0.43478261
A104: NTT Update | B104: 7 Mei 2025 | C104: IG Feed | D104: 1 | E104: https://www.instagram.com/p/DJWENFHPOfe/ | F104: 78078 | G104: 48939 | H104: 315 | I104: 1 | J104: 7 | K104: 1 | L104: 7 | M104: 0 | N104: 229 | O104: =sum(H104:N104) -> 560 | P104: =O104/G104*100 -> 1.1442817
A105: NTT Update | B105: 14 Mei 2025 | C105: IG Story | D105: 1 | E105: https://www.instagram.com/stories/ntt.update/3632064870657981791/ https://drive.google.com/file/d/1rCIWUEHT-1ewahA0PYfRD-7_s3g8VfmF/view?usp=drive_link | F105: 19906 | G105: 18521 | H105: 5 | I105: 0 | J105: 0 | K105: 0 | L105: 89 | M105: 1 | N105: 53 | O105: =sum(H105:N105) -> 148 | P105: =O105/G105*100 -> 0.79909292
A106: Kabar Samarinda Official | B106: 7 Mei 2025 | C106: IG Feed | D106: 1 | E106: https://www.instagram.com/p/DJWOFsuR7VR/ | F106: 229009 | G106: 96798 | H106: 93 | I106: 0 | J106: 4 | K106: 0 | L106: 48 | M106: 0 | N106: 1354 | O106: =sum(H106:N106) -> 1499 | P106: =O106/G106*100 -> 1.5485857
A107: Kabar Samarinda Official | B107: 14 Mei 2025 | C107: IG Story | D107: 1 | E107: https://www.instagram.com/stories/kabarsamarinda_official/ https://drive.google.com/file/d/1lPTAAUbPkDNmzzmmLYCfR9CMSKcvcj_S/view?usp=drive_link | F107: 35633 | G107: 32080 | H107: 1 | I107: 0 | J107: 0 | K107: 0 | L107: 47 | M107: 0 | N107: 34 | O107: =sum(H107:N107) -> 82 | P107: =O107/G107*100 -> 0.25561097
... A112: Geti Media | B112: 10 Mei 2025 | C112: IG Feed | D112: 1 | E112: https://www.instagram.com/p/DJdV7S3p06z/?img_index=1 | F112: 111713 | G112: 94392 | H112: 1831 | I112: 21 | J112: 87 | K112: 22 | L112: 121 | M112: 0 | N112: 2815 | O112: =sum(H112:N112) -> 4897 | P112: =O112/G112*100 -> 5.1879397
A113: Jakarta Info | B113: 45798 | C113: IG Reels (no Ads) | D113: 1 | E113: https://www.instagram.com/p/DJ6bRy1zH9d/ | F113: 122982 | G113: 74026 | H113: 792 | I113: 2 | J113: 15 | K113: 24 | L113: 0 | M113: 0 | N113: 0 | O113: =sum(H113:N113) -> 833 | P113: =O113/G113*100 -> 1.1252803
A115: Media (Phase 2)
A116: Bali News | B116: 14 Juli 2025 | C116: IG Reels | D116: 1 | E116: https://www.instagram.com/p/DME3RmgvEGS/ | F116: 3514 | G116: 2993 | H116: 5 | I116: 0 | J116: 0 | K116: 0 | L116: 0 | M116: 0 | N116: 0 | O116: =sum(H116:N116) -> 5 | P116: =O116/G116*100 -> 0.16705647
A117: NTT Update | B117: 15 Juli 2025 | C117: IG Reels | D117: 1 | E117: https://www.instagram.com/reel/DMHvZm9SwVN/?igsh=b2pqdGE5emU3dTNx | F117: 47782 | G117: 30473 | H117: 576 | I117: 0 | J117: 1 | K117: 0 | L117: 0 | M117: 0 | N117: 0 | O117: =sum(H117:N117) -> 577 | P117: =O117/G117*100 -> 1.8934795
A118: Kabar Jogja Terkini | B118: 15 Juli 2025 | C118: IG Reels | D118: 1 | E118: https://www.instagram.com/reel/DMIMULzTloE/?igsh=MWU5c20yMjAzbTRubw== | F118: 7442 | G118: 6480 | H118: 403 | I118: 1 | J118: 41 | K118: 809 | L118: 0 | M118: 0 | N118: 0 | O118: =sum(H118:N118) -> 1254 | P118: =O118/G118*100 -> 19.351852
A119: Info Jabar News | B119: 19 Juli 2025 | C119: IG Reels | D119: 1 | E119: https://www.instagram.com/reel/DMRclPmzYsK/?igsh=MWMyM3k0MzZnYTBmMQ%3D%3D | F119: 4984 | G119: 2730 | H119: 1070 | I119: 0 | J119: 0 | K119: 200 | L119: 0 | M119: 0 | N119: 0 | O119: =sum(H119:N119) -> 1270 | P119: =O119/G119*100 -> 46.520147
A121: Media (Phase 3)
A122: Jktinfo | B122: 45890 | C122: IG Reels | D122: 1 | E122: https://www.instagram.com/p/DNmx6qtzA1V/?img_index=1 | F122: 160871 | G122: 42167 | H122: 537 | I122: 5 | J122: 6 | K122: 26 | L122: 0 | M122: 0 | N122: 0 | O122: =sum(H122:N122) -> 574 | P122: =O122/G122*100 -> 1.3612541
A123: InfoJabar | C123: IG Reels | D123: 1 | E123: https://www.instagram.com/reel/DNUpf12TQRR/?igsh=MTB2aWV5d2poMTk5Mg== | F123: 1606 | G123: 1358 | H123: 7 | I123: 0 | J123: 0 | K123: 1 | L123: 0 | M123: 0 | N123: 0 | O123: =sum(H123:N123) -> 8 | P123: =O123/G123*100 -> 0.58910162
...
